{
	"slug": "SchmickleWorks",
	"name": "SchmickleWorks",
	"version": "1.0.1",
	"license": "Unlicense",
	"author": "Cary Clark",
	"authorEmail": "cclark2@gmail.com",
	"authorUrl": "https://github.com/cclark2a/SchmickleWorks",
	"pluginUrl": "https://github.com/cclark2a/SchmickleWorks",
	"manualUrl": "https://github.com/cclark2a/SchmickleWorks",
	"sourceUrl": "https://github.com/cclark2a/SchmickleWorks",
	"donateUrl": "",
	"modules": [
		{
			"slug": "NoteTaker",
			"name": "NoteTaker",
			"tags": ["Sequencer"]
		}
	]
}
